date,action,symbol,shares,price,value,reason,composite_momentum
2026-07-07,BUY,HUM,4,394.62,1578.48,Rebalance — top 5 composite (FULL regime),62.17
2026-07-07,BUY,GOOGL,4,367.03,1468.12,Rebalance — top 5 composite (FULL regime),52.12
2026-07-07,BUY,GOOG,4,363.62,1454.48,Rebalance — top 5 composite (FULL regime),50.46
2026-07-07,BUY,CSCO,16,111.79,1788.64,Rebalance — top 5 composite (FULL regime),48.04
2026-07-07,BUY,JNJ,6,267.24,1603.44,Rebalance — top 5 composite (FULL regime),44.27
2026-08-03,SELL,GOOGL,4,356.13,1424.52,Rebalance — dropped from top 5,52.12
2026-08-03,SELL,GOOG,4,356.65,1426.6,Rebalance — dropped from top 5,50.46
2026-08-03,SELL,JNJ,6,256.35,1538.1,Rebalance — dropped from top 5,44.27
2026-08-03,BUY,UNH,4,414.4,1657.6,Rebalance — top 5 composite (FULL regime),44.46
2026-08-03,BUY,CAT,2,814.81,1629.62,Rebalance — top 5 composite (FULL regime),39.23
2026-08-03,BUY,MRK,13,130.2,1692.6,Rebalance — top 5 composite (FULL regime),38.27
2026-09-01,SELL,CSCO,16,110.49,1767.84,Rebalance — dropped from top 5,50.08
2026-09-01,SELL,UNH,4,389.41,1557.64,Rebalance — dropped from top 5,44.46
2026-09-01,SELL,MRK,13,147.76,1920.88,Rebalance — dropped from top 5,38.27
2026-09-01,BUY,FDX,5,327.4,1637.0,Rebalance — top 5 composite (FULL regime),33.43
2026-09-01,BUY,AMGN,4,429.88,1719.52,Rebalance — top 5 composite (FULL regime),33.26
2026-09-01,BUY,CSX,35,50.51,1767.85,Rebalance — top 5 composite (FULL regime),29.99
2026-10-01,SELL,HUM,4,381.0,1524.0,Rebalance — dropped from top 5,47.98
2026-10-01,SELL,FDX,5,284.87,1424.35,Rebalance — dropped from top 5,33.43
2026-10-01,SELL,AMGN,4,413.39,1653.56,Rebalance — dropped from top 5,33.26
2026-10-01,SELL,CSX,35,46.145,1615.08,Rebalance — dropped from top 5,29.99
2026-10-01,BUY,TXN,6,279.455,1676.73,Rebalance — top 5 composite (FULL regime),36.47
2026-10-01,BUY,MRK,11,144.91,1594.01,Rebalance — top 5 composite (FULL regime),35.38
2026-10-01,BUY,CSCO,15,107.9599,1619.4,Rebalance — top 5 composite (FULL regime),33.96
2026-10-01,BUY,TMO,2,665.235,1330.47,Rebalance — top 5 composite (FULL regime),27.66
